[
  {
    "id": "72778877-1dc7-4b6c-ae8c-1555cfa2a41d",
    "data": [
      {
        "text": "ничего не делай",
        "userDefined": false
      }
    ],
    "isTemplate": false,
    "count": 0,
    "updated": 1528261725
  },
  {
    "id": "efd58e14-2aac-4e9a-a272-74554e97940d",
    "data": [
      {
        "text": "не имеет значения",
        "userDefined": false
      }
    ],
    "isTemplate": false,
    "count": 0,
    "updated": 1528261725
  },
  {
    "id": "9a3ea8f2-6618-4425-9f13-d72eaa34dc6c",
    "data": [
      {
        "text": "отмена",
        "userDefined": false
      }
    ],
    "isTemplate": false,
    "count": 0,
    "updated": 1528261725
  },
  {
    "id": "617f3e29-f73c-41e6-b0ee-caf6a7fab5fe",
    "data": [
      {
        "text": "забудь об этом",
        "userDefined": false
      }
    ],
    "isTemplate": false,
    "count": 0,
    "updated": 1528261725
  },
  {
    "id": "13aede05-afdc-4006-b2aa-2d64166be1bf",
    "data": [
      {
        "text": "прекрати",
        "userDefined": false
      }
    ],
    "isTemplate": false,
    "count": 0,
    "updated": 1528261725
  },
  {
    "id": "a12f9f94-9105-40e1-b519-7131fd3850df",
    "data": [
      {
        "text": "пропустить",
        "userDefined": false
      }
    ],
    "isTemplate": false,
    "count": 0,
    "updated": 1528261725
  },
  {
    "id": "764abe82-3fd0-4bb9-8d47-f89e5ac5bacd",
    "data": [
      {
        "text": "стоп",
        "userDefined": false
      }
    ],
    "isTemplate": false,
    "count": 0,
    "updated": 1528261725
  },
  {
    "id": "13f7407c-8019-45d0-9024-4ddcbe363525",
    "data": [
      {
        "text": "скрыть",
        "userDefined": false
      }
    ],
    "isTemplate": false,
    "count": 0,
    "updated": 1528261725
  },
  {
    "id": "f1a4310e-1cde-44e5-8b76-5ce8c12c55ad",
    "data": [
      {
        "text": "отмени это",
        "userDefined": false
      }
    ],
    "isTemplate": false,
    "count": 0,
    "updated": 1528261725
  },
  {
    "id": "4549b18b-deb8-42e4-aa02-3e3520c0b0f5",
    "data": [
      {
        "text": "просто забудь об этом",
        "userDefined": false
      }
    ],
    "isTemplate": false,
    "count": 0,
    "updated": 1528261725
  }
]