[
  {
    "id": "6ebf191e-d6f7-4d29-9a47-681a57e5fdec",
    "data": [
      {
        "text": "наверное да",
        "userDefined": false
      }
    ],
    "isTemplate": false,
    "count": 0,
    "updated": 1528274207
  },
  {
    "id": "b9d0fb9a-2d4c-479c-8bd1-288aa8eede5e",
    "data": [
      {
        "text": "думаю что да",
        "userDefined": false
      }
    ],
    "isTemplate": false,
    "count": 0,
    "updated": 1528274207
  },
  {
    "id": "ed67455c-5ac1-4df0-bc58-1a9bcd90fe07",
    "data": [
      {
        "text": "скорее да",
        "userDefined": false
      }
    ],
    "isTemplate": false,
    "count": 0,
    "updated": 1528274207
  },
  {
    "id": "f44565e0-5a08-4e38-a8d6-c72132a47490",
    "data": [
      {
        "text": "да давай",
        "userDefined": false
      }
    ],
    "isTemplate": false,
    "count": 0,
    "updated": 1528273093
  },
  {
    "id": "1f831def-5e73-402f-98f2-122ef46f82a9",
    "data": [
      {
        "text": "давай",
        "userDefined": false
      }
    ],
    "isTemplate": false,
    "count": 0,
    "updated": 1528273093
  },
  {
    "id": "bdf62a51-d01d-40e1-b475-99df12eda8ee",
    "data": [
      {
        "text": "еще бы",
        "userDefined": false
      }
    ],
    "isTemplate": false,
    "count": 0,
    "updated": 1528273093
  },
  {
    "id": "9dc0489c-87f4-40c1-9176-f097585689f6",
    "data": [
      {
        "text": "ну конечно",
        "userDefined": false
      }
    ],
    "isTemplate": false,
    "count": 0,
    "updated": 1528273093
  },
  {
    "id": "4a2c5c76-d93c-4fc3-a247-ddcb9995c369",
    "data": [
      {
        "text": "да неплохо",
        "userDefined": false
      }
    ],
    "isTemplate": false,
    "count": 0,
    "updated": 1528273093
  },
  {
    "id": "49e245d8-801e-4619-9e68-bd06328f3878",
    "data": [
      {
        "text": "очень понравился",
        "userDefined": false
      }
    ],
    "isTemplate": false,
    "count": 0,
    "updated": 1528273093
  },
  {
    "id": "00072a60-20c1-4266-93a9-29f411ff8eee",
    "data": [
      {
        "text": "очень",
        "userDefined": false
      }
    ],
    "isTemplate": false,
    "count": 1,
    "updated": 1528273093
  },
  {
    "id": "b1a994e7-d056-41b3-88ad-4459220ce95f",
    "data": [
      {
        "text": "меня устраивает",
        "userDefined": false
      }
    ],
    "isTemplate": false,
    "count": 0,
    "updated": 1528273093
  },
  {
    "id": "c718ffbe-2162-4515-8fc4-a2c8d55800f2",
    "data": [
      {
        "text": "я согласен",
        "userDefined": false
      }
    ],
    "isTemplate": false,
    "count": 0,
    "updated": 1528273093
  },
  {
    "id": "914c4be8-3f60-4f0c-bf1c-93903a107cb5",
    "data": [
      {
        "text": "сделай это",
        "userDefined": false
      }
    ],
    "isTemplate": false,
    "count": 0,
    "updated": 1528273093
  },
  {
    "id": "48c51b7f-5cf4-47f5-80df-75cf2cf44baa",
    "data": [
      {
        "text": "да",
        "userDefined": false
      }
    ],
    "isTemplate": false,
    "count": 0,
    "updated": 1528273093
  },
  {
    "id": "456791da-92a1-44bb-b578-a3829a1c2d1c",
    "data": [
      {
        "text": "не возражаю",
        "userDefined": false
      }
    ],
    "isTemplate": false,
    "count": 0,
    "updated": 1528273093
  },
  {
    "id": "a9a7e9b7-8b49-46e5-9c5a-0624edbe2919",
    "data": [
      {
        "text": "разумеется",
        "userDefined": false
      }
    ],
    "isTemplate": false,
    "count": 0,
    "updated": 1528273093
  },
  {
    "id": "c3401b5e-136a-48c0-9711-6db68e0b8965",
    "data": [
      {
        "text": "точно",
        "userDefined": false
      }
    ],
    "isTemplate": false,
    "count": 0,
    "updated": 1528273093
  },
  {
    "id": "d13d1791-c25b-425c-8ce7-33d50dbced84",
    "data": [
      {
        "text": "подтверждаю",
        "userDefined": false
      }
    ],
    "isTemplate": false,
    "count": 0,
    "updated": 1528273093
  },
  {
    "id": "ba4fd28a-e3fc-49d5-8fa3-1d344a426be8",
    "data": [
      {
        "text": "конечно",
        "userDefined": false
      }
    ],
    "isTemplate": false,
    "count": 0,
    "updated": 1528273093
  },
  {
    "id": "8303ac6e-710d-4c23-b7ae-98ccd7d49676",
    "data": [
      {
        "text": "это верно",
        "userDefined": false
      }
    ],
    "isTemplate": false,
    "count": 0,
    "updated": 1528273093
  }
]