[
  {
    "id": "3831aada-a8f1-4ab4-b3d3-d775913f2032",
    "data": [
      {
        "text": "думаю что нет",
        "userDefined": false
      }
    ],
    "isTemplate": false,
    "count": 0,
    "updated": 1528274183
  },
  {
    "id": "062195a9-d9a0-4c8e-9966-418d02b1ceba",
    "data": [
      {
        "text": "неа",
        "userDefined": false
      }
    ],
    "isTemplate": false,
    "count": 0,
    "updated": 1528274183
  },
  {
    "id": "abe2c7b1-738a-4c15-a912-111cd8e87f6d",
    "data": [
      {
        "text": "не совсем",
        "userDefined": false
      }
    ],
    "isTemplate": false,
    "count": 0,
    "updated": 1528273233
  },
  {
    "id": "7ea15386-47e2-41b5-9c7b-328f072daef3",
    "data": [
      {
        "text": "не очень",
        "userDefined": false
      }
    ],
    "isTemplate": false,
    "count": 0,
    "updated": 1528273233
  },
  {
    "id": "18143320-307d-43c9-b134-f6cb4822b793",
    "data": [
      {
        "text": "мне не интересно",
        "userDefined": false
      }
    ],
    "isTemplate": false,
    "count": 0,
    "updated": 1528273233
  },
  {
    "id": "aa16d1ff-ef5d-4a24-910f-04bffa33d028",
    "data": [
      {
        "text": "не стоит",
        "userDefined": false
      }
    ],
    "isTemplate": false,
    "count": 0,
    "updated": 1528273233
  },
  {
    "id": "9e4e8015-0239-4da9-aa4c-d3acc15622e1",
    "data": [
      {
        "text": "спасибо не нужно",
        "userDefined": false
      }
    ],
    "isTemplate": false,
    "count": 0,
    "updated": 1528273233
  },
  {
    "id": "49557855-82fc-4f44-b265-14c1c30d8499",
    "data": [
      {
        "text": "не делай этого",
        "userDefined": false
      }
    ],
    "isTemplate": false,
    "count": 0,
    "updated": 1528273233
  },
  {
    "id": "597c37f0-f46b-46d4-b06c-c8e066e80b7d",
    "data": [
      {
        "text": "спасибо нет",
        "userDefined": false
      }
    ],
    "isTemplate": false,
    "count": 0,
    "updated": 1528273233
  },
  {
    "id": "a1b2081b-3ed0-4acc-8038-f9606f21caa6",
    "data": [
      {
        "text": "нет",
        "userDefined": false
      }
    ],
    "isTemplate": false,
    "count": 0,
    "updated": 1528273233
  },
  {
    "id": "1bc633ac-7a10-4763-9dfa-6fb830a6bd38",
    "data": [
      {
        "text": "я не хочу этого",
        "userDefined": false
      }
    ],
    "isTemplate": false,
    "count": 0,
    "updated": 1528273233
  },
  {
    "id": "6f3f4693-5b5a-473e-93d9-76a68c95c921",
    "data": [
      {
        "text": "не думаю",
        "userDefined": false
      }
    ],
    "isTemplate": false,
    "count": 0,
    "updated": 1528273233
  },
  {
    "id": "c91fd9e4-695d-4283-ba3d-b2d20038b54e",
    "data": [
      {
        "text": "не согласен",
        "userDefined": false
      }
    ],
    "isTemplate": false,
    "count": 0,
    "updated": 1528273233
  },
  {
    "id": "52dd0a22-f650-46c3-9e24-0a295c5b0ead",
    "data": [
      {
        "text": "не интересует",
        "userDefined": false
      }
    ],
    "isTemplate": false,
    "count": 0,
    "updated": 1528273233
  },
  {
    "id": "a469960c-93d2-4094-8d7c-911700129e11",
    "data": [
      {
        "text": "определенно нет",
        "userDefined": false
      }
    ],
    "isTemplate": false,
    "count": 0,
    "updated": 1528273233
  },
  {
    "id": "14394681-f914-47f7-8e7e-b29d46f352ce",
    "data": [
      {
        "text": "да нет",
        "userDefined": false
      }
    ],
    "isTemplate": false,
    "count": 0,
    "updated": 1497433473
  }
]